-- phpMyAdmin SQL Dump
-- version 4.1.12
-- http://www.phpmyadmin.net
--
-- Host: 127.0.0.1
-- Generation Time: 
-- Server version: 5.6.16
-- PHP Version: 5.5.11

SET SQL_MODE = "NO_AUTO_VALUE_ON_ZERO";
SET time_zone = "+00:00";


/*!40101 SET @OLD_CHARACTER_SET_CLIENT=@@CHARACTER_SET_CLIENT */;
/*!40101 SET @OLD_CHARACTER_SET_RESULTS=@@CHARACTER_SET_RESULTS */;
/*!40101 SET @OLD_COLLATION_CONNECTION=@@COLLATION_CONNECTION */;
/*!40101 SET NAMES utf8 */;

--
-- Database: `helpdesk_db`
--

-- --------------------------------------------------------

--
-- โครงสร้างตาราง `division`
--

CREATE TABLE IF NOT EXISTS `division` (
  `Did` int(4) NOT NULL AUTO_INCREMENT,
  `Dname` varchar(100) NOT NULL,
  PRIMARY KEY (`Did`)
) ENGINE=MyISAM  DEFAULT CHARSET=utf8 AUTO_INCREMENT=9 ;

--
-- dump ตาราง `division`
--

INSERT INTO `division` (`Did`, `Dname`) VALUES
(1, 'ผู้บริหาร'),
(2, 'สาขาวิชาเวชกรรมไทย'),
(3, 'สาขาวิชาเภสัชกรรมไทย'),
(4, 'สาขาวิชานวดไทยและสาขาวิชาผดุงครรภ์ไทย'),
(5, 'ฝ่ายสนับสนุนบริหารทั่วไป'),
(6, 'ฝ่ายสนับสนุนวิชาการ'),
(7, 'ฝ่ายสนับสนุนสาขาวิชา'),
(8, 'โรงพยาบาลการแพทย์แผนไทย');

-- --------------------------------------------------------

--
-- โครงสร้างตาราง `level`
--

CREATE TABLE IF NOT EXISTS `level` (
  `id_l` int(11) NOT NULL AUTO_INCREMENT,
  `level` varchar(100) NOT NULL,
  PRIMARY KEY (`id_l`)
) ENGINE=InnoDB  DEFAULT CHARSET=utf8 AUTO_INCREMENT=2 ;

--
-- dump ตาราง `level`
--

INSERT INTO `level` (`id_l`, `level`) VALUES
(1, 'admin');

-- --------------------------------------------------------

--
-- โครงสร้างตาราง `person`
--

CREATE TABLE IF NOT EXISTS `person` (
  `Pid` int(4) NOT NULL AUTO_INCREMENT,
  `Dssid` varchar(7) NOT NULL,
  `Title` varchar(10) NOT NULL,
  `FirstName` varchar(50) NOT NULL,
  `LastName` varchar(80) NOT NULL,
  `Nickname` varchar(10) NOT NULL,
  `Position` int(2) NOT NULL,
  `Categories` varchar(2) NOT NULL,
  `EmailAddress` varchar(30) NOT NULL,
  `Birthday` date NOT NULL,
  `Phone` varchar(4) NOT NULL,
  `Mobile` varchar(10) NOT NULL,
  `Picture` varchar(50) NOT NULL,
  `Active` tinyint(1) NOT NULL,
  PRIMARY KEY (`Pid`)
) ENGINE=MyISAM  DEFAULT CHARSET=utf8 AUTO_INCREMENT=78 ;

--
-- dump ตาราง `person`
--

INSERT INTO `person` (`Pid`, `Dssid`, `Title`, `FirstName`, `LastName`, `Nickname`, `Position`, `Categories`, `EmailAddress`, `Birthday`, `Phone`, `Mobile`, `Picture`, `Active`) VALUES
(1, '0002003', 'รศ.ดร.', 'สนั่น', 'ศุภธีรสกุล', 'สนั่น', 1, '1', 'sanan.s@psu.ac.th', '0000-00-00', '2700', '0818964472', 'sanan.jpg', 1),
(2, '0019797', 'ดร.', 'นันทิยา', 'จ้อยชะรัด', 'กิ๊ฟ', 1, '1', 'nantiya.j@psu.ac.th', '0000-00-00', '2708', '', 'nantiya.jpg', 1),
(3, '0017344', 'อ.', 'เจษฎาพร', 'บุญพ่อมี', 'กิ๊ฟ', 1, '2', 'jatsadaporn.b@psu.ac.th', '0000-00-00', '2717', '', 'jatsadaporn.jpg', 0),
(4, '0014109', 'อ.', 'พัชรวลัย', 'ใจสมุทร', 'ตาล', 1, '3', 'patcharawalai.j@psu.ac.th', '0000-00-00', '2717', '', 'patcharawalai.jpg', 1),
(5, '0017343', 'อ.', 'พิชามญชุ์', 'อัครยศพงศ์', 'จิ๋ว', 1, '2', 'pichamon.a@psu.ac.th', '0000-00-00', '2717', '0892987579', 'pichamon.jpg', 0),
(6, '0019269', 'อ.', 'คณิต', 'เขมะพันธุ์มนัส', 'คณิต', 1, '8', 'kanit.ke@psu.ac.th', '0000-00-00', '2710', '', 'kanit.jpg', 1),
(7, '0019796', 'ดร.', 'สุรศักดิ์', 'ลิ้มสุวรรณ', 'เบียร์', 1, '2', 'surasak.l@psu.ac.th', '0000-00-00', '2707', '', 'surasak.jpg', 1),
(8, '0019408', 'ดร.', 'ศศิธร', 'ชูศรี', 'อ้อย', 1, '1', 'sasitorn.chu@psu.ac.th', '0000-00-00', '2707', '', 'sasitorn.jpg', 1),
(9, '0021089', 'อ.', 'ปิยะนุช', 'สุวรรณรัตน์', 'ยุ้ย', 1, '2', 'piyanuch.s@psu.ac.th', '0000-00-00', '2717', '', 'piyanuch.jpg', 0),
(10, '0012695', 'อ.', 'จุฬา', 'วิริยะบุปผา', 'ดาว', 1, '2', 'chula.v@psu.ac.th', '0000-00-00', '2717', '', 'chula.jpg', 1),
(11, '0016444', 'อ.', 'นงลักษณ์', 'กุลวรรัตต์', 'ตาล', 1, '2', 'nongluk.ku@psu.ac.th', '0000-00-00', '2717', '', 'nongluk.jpg', 1),
(12, '0012694', 'ดร.', 'เกศริน', 'มณีนูน', 'เกต', 1, '3', 'katesarin.m@psu.ac.th', '0000-00-00', '2717', '', 'katesarin.jpg', 1),
(13, '0016248', 'ดร.', 'อรทัย', 'เนียมสุวรรณ', 'ป้อม', 1, '1', 'oratai.n@psu.ac.th', '0000-00-00', '2717', '0811420012', 'oratai.jpg', 1),
(14, '0014148', 'อ.', 'อรพรรณ', 'สกุลแก้ว', 'กาน', 1, '3', 'oraphan.s@psu.ac.th', '0000-00-00', '2717', '0897331262', 'oraphan.jpg', 1),
(15, '0017345', 'อ.', 'กชกร', 'สุขจันทร์', 'แตง', 1, '3', 'kochakorn.s@psu.ac.th', '0000-00-00', '2717', '', 'kochakorn.jpg', 1),
(16, '0021087', 'อ.', 'พีชยา', 'อรุโณทัย', 'พี', 1, '4', 'peechaya.a@psu.ac.th', '0000-00-00', '2717', '', 'peechaya.jpg', 1),
(17, '0021088', 'อ.', 'รจนลักษณ์', 'เกื้อกูล', 'ซาย', 1, '4', 'rotjanalak.k@psu.ac.th', '0000-00-00', '2717', '', 'rotjanalak.jpg', 0),
(18, '0014108', 'อ.', 'ภัทรศศิร์', 'เหล่าจีนวงค์', 'ภัทร', 1, '4', 'phatsasi.l@psu.ac.th', '0000-00-00', '2717', '0895997680', 'phatsasi.jpg', 1),
(19, '0003872', 'นางสาว', 'กิตติวรรณ', 'ด้วงศรีทอง', 'เดียร์', 2, '5', 'kittiwan.d@psu.ac.th', '0000-00-00', '2704', '0869573556', 'kittiwan.jpg', 1),
(20, '0002232', 'นาง', 'รุ่งนภา', 'อัครบวร', 'หน่อย', 5, '5', 'rungnapa.a@psu.ac.th', '0000-00-00', '2704', '0815434895', 'rungnapa.jpg', 0),
(21, '0020898', 'นางสาว', 'อุษณีย์', 'ชนะวรรโณ', 'กิ๊ว', 3, '5', 'ussanee.c@psu.ac.th', '0000-00-00', '2701', '0842130879', 'ussanee.jpg', 1),
(22, '0019131', 'นาย', 'เกียรติศักดิ์', 'ชูมี', 'เขียว', 3, '5', 'kiattisak.c@psu.ac.th', '0000-00-00', '2708', '0810833495', 'kiattisak.jpg', 0),
(23, '0006458', 'นาย', 'มานะ', 'รักษ์วงศ์', 'มานะ', 4, '6', 'mana.ra@psu.ac.th', '0000-00-00', '2702', '0815984237', 'mana.jpg', 1),
(24, '0015417', 'นางสาว', 'อารินี', 'กิตติบุญญาทิวากร', 'กิ๊ฟ', 3, '6', 'arinee.k@psu.ac.th', '0000-00-00', '2702', '0865931667', 'arinee.jpg', 1),
(25, '0016207', 'นางสาว', 'ปิยะพร', 'สิงห์มหาศักดิ์', 'โอ๋', 3, '6', 'piyaporn.si@psu.ac.th', '0000-00-00', '2702', '0873963833', 'piyaporn.jpg', 1),
(26, '0016704', 'นาย', 'นิติ', 'โชติแก้ว', 'เก่ง', 3, '6', 'niti.c@psu.ac.th', '1983-09-03', '2716', '0869577663', 'niti.jpg', 1),
(27, '0021184', 'นางสาว', 'ฐิติมา', 'เสวาฤทธิ์', 'โบ', 2, '6', 'titima.s@psu.ac.th', '0000-00-00', '2702', '', 'titima.jpg', 0),
(28, '0019288', 'นาย', 'ธนัท', 'เต็งพาณิชยกุล', 'เอก', 3, '6', 'santi.sa@psu.ac.th', '0000-00-00', '2707', '0918464554', 'santi.jpg', 1),
(29, '0021784', 'นางสาว', 'รัตนาวิไล', 'ถาวรสุวรรณ์', 'แอม', 4, '6', 'rattanavilai.th@psu.ac.th', '0000-00-00', '2701', '0835132366', 'rattanavilai.jpg', 1),
(30, '0013078', 'นางสาว', 'วิภาวดี', 'ชำนาญ', 'แมว', 6, '7', 'wiphawadee.c@psu.ac.th', '0000-00-00', '2708', '0869680549', 'wiphawadee.jpg', 0),
(31, '0021729', 'นางสาว', 'เบญญลักษณ์', 'อรรจนโรจน์', 'ที', 6, '7', 'benyaluk.a@psu.ac.th', '0000-00-00', '2707', '', 'benyaluk.jpg', 0),
(32, '0019360', 'นางสาว', 'ดวงทิพย์', 'อรัญดร', 'โบ', 6, '7', 'doungthip.a@psu.ac.th', '0000-00-00', '2708', '', 'doungthip.jpg', 1),
(33, '0016574', 'นาย', 'สมชาย', 'อ้นทอง', 'ต๊ะ', 7, '8', 'somchai.on@psu.ac.th', '0000-00-00', '2713', '', 'somchai.jpg', 0),
(34, '0020796', 'นาย', 'ธีรวัฒน์', 'สุดขาว', 'วัฒ', 7, '8', 'teerawat.sud@psu.ac.th', '0000-00-00', '2712', '', 'teerawat.jpg', 1),
(35, '0016573', 'นางสาว', 'สุพรรณิกา', 'ใจสมัน', 'กิม', 7, '8', 'supannika.j@psu.ac.th', '0000-00-00', '2712', '', 'supannika.jpg', 1),
(36, '0016575', 'นางสาว', 'สิรินทิพย์', 'วิชญวรนันท์', 'อุ้ม', 7, '8', 'sirintip.v@psu.ac.th', '0000-00-00', '2712', '', 'sirintip.jpg', 0),
(37, '0017444', 'นางสาว', 'สาลินี', 'ทองจืด', 'สา', 5, '8', 'salinee.t@psu.ac.th', '0000-00-00', '2714', '0862886421', 'salinee.jpg', 0),
(38, '0017591', 'อ.', 'สมพร', 'ชาญวณิชย์สกุล', 'สมพร', 1, '8', '', '0000-00-00', '2710', '0891989443', 'somporn.jpg', 1),
(39, '0022195', 'นางสาว', 'เสาวลักษณ์', 'มิชารี', 'น้ำตาล', 8, '5', 'saowaluk.m@psu.ac.th', '0000-00-00', '2704', '', 'saowaluk.jpg', 0),
(40, '0015413', 'MISS', 'STEFANIA', 'VIGNOTTO ', 'สเตป', 1, '2', 'stefania.v@psu.ac.th', '0000-00-00', '2717', '', 'stefania.jpg', 1),
(41, '0019292', 'นาง', 'เพ็ญแข', 'คลายคลี่ ', 'แข', 9, '8', '', '0000-00-00', '2710', '', 'pancare.jpg', 1),
(42, '0023421', 'นาย', 'สนิท', 'ลิ้นทอง', 'ไข่นุ้ย', 3, '5', 'sanit.l@psu.ac.th', '1976-08-14', '2708', '0866197930', 'sanit.jpg', 1),
(43, '0023606', 'นางสาว', 'ทวีภรณ์', 'คีรีคช', 'ปาล์ม', 6, '7', 'thaweeporn.k@psu.ac.th', '2011-09-02', '2707', '', 'thaweeporn.jpg', 1),
(44, '0023663', 'นาย', 'ธวัชชัย', 'ศรีสุวรรณ', 'ขำ', 6, '7', 'thawatchai.sr@psu.ac.th', '1987-03-25', '2708', '0862888547', 'thawatchai.jpg', 1),
(45, '0023799', 'นางสาว', 'จีรนันท์', 'วระพันธุ์', 'แอล', 8, '5', 'jeeranan.v@psu.ac.th', '0000-00-00', '2704', '', 'jeeranan.jpg', 0),
(46, '0023223', 'นางสาว', 'นฤมล', 'เส้งนนท์', 'ชิว', 1, '2', 'narumon.se@psu.ac.th', '0000-00-00', '2717', '', 'narumon.jpg', 0),
(47, '0023492', 'นางสาว', 'พิรุณรัตน์', 'แซ่ลิ้ม', 'ฮุ้ง', 7, '8', 'pirunrat.s@psu.ac.th', '0000-00-00', '2710', '', 'pirunrat.jpg', 0),
(48, '0023221', 'นางสาว', 'ศิริขวัญ', 'มณี', 'ขวัญ', 1, '4', 'sirikhwan.m@psu.ac.th', '0000-00-00', '2717', '', 'sirikhwan.jpg', 0),
(49, '0023316', 'นางสาว', 'สร้อยเพชร', 'เนตรอนงค์', 'โบว์', 1, '2', 'soiphet.n@psu.ac.th', '0000-00-00', '2717', '', 'soiphet.jpg', 0),
(50, '0023244', 'นางสาว', 'สุทธิมาลย์', 'อิงคถาวรวงศ์', 'สุทธิมาลย์', 1, '1', 'suthimaln.i@psu.ac.th', '0000-00-00', '2717', '', 'suthimaln.jpg', 0),
(51, '0013652', 'นางสาว', 'กนกวรรณ', 'วัฒนวิจิตร', 'หมึก', 3, '6', 'kanokwan.w@psu.ac.th', '2011-09-02', '2702', '0858997790', 'kanokwan.jpg', 0),
(52, '0016353', 'นาย', 'กฤษณะ', 'สองนาม', 'เอ็ม', 3, '5', 'kridsana.s@psu.ac.th', '2011-09-02', '2701', '0878362199', 'kridsana.jpg', 0),
(53, '0002544', 'นาง', 'เดือนดี', 'กาญจนัมพะ', 'เดือน', 4, '6', 'daundee.k@psu.ac.th', '2011-09-02', '2702', '', 'daundee.jpg', 0),
(54, '0015891', 'นาย', 'ทรงยุทธ', 'แก้วนาง', '', 3, '5', '-', '2011-09-02', '2701', '', 'nopic.jpg', 0),
(55, '0016289', 'นาย', 'นิพัฒน์สร', 'ธนาวุฒิ', 'ตุ้ย', 7, '8', 'nipatsorn.t@psu.ac.th', '2011-09-02', '2710', '', 'nipatsorn.jpg', 0),
(56, '0016443', 'นางสาว', 'นิรัญญา', 'บุญติ้น', 'ขวัญ', 6, '7', 'nirunya.b@psu.ac.th', '2011-09-02', '', '', 'nirunya.jpg', 0),
(57, '0017446', 'นางสาว', 'เบญจวรรณ', ' สิทธิพงศ์', 'แหม่ม', 8, '5', 'benjawan.si@psu.ac.th', '2011-09-02', '2704', '0806119659', 'benjawan.jpg', 0),
(58, '0012696', 'นางสาว', 'พิไลพักตร์', 'ชูมาก', '', 1, '2', '-', '0000-00-00', '', '', 'nopic.jpg', 0),
(59, '0020088', 'นางสาว', 'ยุพเรศ', 'ทรงงาม', 'ปิ๊ก', 4, '6', 'yuparet.s@psu.ac.th', '2011-09-02', '2701', '0866928857', 'yuparet.jpg', 0),
(60, '0014107', 'นางสาว', 'ศิวิลัย', ' แพทยนันทเวช', '', 3, '6', '-', '2011-01-02', '', '', 'nopic.jpg', 0),
(61, '0024637', 'นางสาว', 'นุภารัตน์', 'สุวรรณโณ', 'กิ๊ก', 8, '8', 'nuparat.s@psu.ac.th', '0000-00-00', '2714', '080', 'nopic.jpg', 0),
(62, '0024496', 'นาย', 'ชลทิต', 'สนธิเมือง', 'เต๋า', 1, '2', 'chonlatid.s@psu.ac.th', '0000-00-00', '2717', '', 'nopic.jpg', 1),
(63, '0025161', 'นางสาว', 'อรวรรณ', 'ศรีสวัสดิ์', 'แจง', 8, '8', 'orawan.sr@psu.ac.th', '0000-00-00', '2714', '', 'nopic.jpg', 1),
(64, '0025921', 'นางสาว', 'สุจิตรา', 'หนูอุไร', 'เจี๊ยบ', 2, '6', 'sujittra.n@psu.ac.th', '0000-00-00', '2704', '', 'nopic.jpg', 1),
(65, '0025616', 'นางสาว', 'กชกร', 'มุสิกพงศ์', 'ยีนต์', 1, '2', 'kotchakorn.m@psu.ac.th', '1900-01-01', '2717', '', 'nopic.jpg', 1),
(66, '0025690', 'นางสาว', 'สิริพร', 'จารุกิตติ์สกุล', 'นิว', 1, '2', 'siriporn.ja@psu.ac.th', '1900-01-01', '2717', '', 'nopic.jpg', 1),
(67, '0027345', 'อ.', 'ฐาปนีย์', 'เขียวจีน', 'กวาง', 1, '2', 'thapanee.﻿k@psu.ac.th', '1900-01-01', '2722', '', 'nopic.jpg', 1),
(68, '0028450', 'อ.', 'กวิน', 'กปิลกาญจน์', 'ตู้', 1, '2', 'kawin.ka@psu.ac.th', '1900-01-01', '2722', '', 'nopic.jpg', 1),
(69, '0027017', 'นาง', 'จุฑารัตน์', 'ศรีมณี', 'ทราย', 5, '5', 'jutarat.s@psu.ac.th', '1900-01-01', '2704', '', 'nopic.jpg', 1),
(70, '0026832', 'นางสาว', 'จตุพร', 'ตรีวัย', 'บี', 8, '5', 'jatuporn.t@psu.ac.th', '0000-00-00', '2704', '', '', 1),
(71, '0027527', 'นางสาว', 'สลิลทิพย์ ', 'ฟุ้งธรรมสาร', 'จิ๊บ', 7, '8', 'salinthip.f@psu.ac.th', '1900-01-01', '2712', '', 'nopic.jpg', 1),
(72, '0024828', 'ดร.', 'ณวงศ์', 'บุนนาค', 'ณวงศ์', 1, '2', 'nawong﻿.b@psu.ac.th', '0000-00-00', '2722', '', 'nopic.jpg', 0),
(73, '0027321', 'ดร.', 'กิ่งกาญจน์', 'บรรลือพืช', 'กิ่ง', 1, '2', 'kingkan.bu@psu.ac.th', '1900-01-01', '2722', '', 'nopic.jpg', 1),
(74, '0025647', 'นาย', 'คมจักร', 'แก้วน้อย', 'ธน', 7, '8', 'komjak.k@psu.ac.th', '1900-01-01', '2710', '', 'nopic.jpg', 1),
(75, '0025646', 'นางสาว', 'พิมพ์วิภา', 'แพรกหา', 'มัย', 7, '8', 'pimwipa.p@psu.ac.th', '0000-00-00', '2710', '', 'nopic.jpg', 1),
(76, '0000363', 'รศ.ดร.', 'วฉวีวรรณ', 'จั่นสกุล', '', 1, '2', '', '1900-01-01', '6204', '', 'nopic.jpg', 1),
(77, '-', '-', 'นักศึกษา', 'ป.โท', '-', 0, '-', '-', '0000-00-00', '-', '-', '', 0);

-- --------------------------------------------------------

--
-- โครงสร้างตาราง `position`
--

CREATE TABLE IF NOT EXISTS `position` (
  `id` int(2) NOT NULL AUTO_INCREMENT,
  `Pname` varchar(100) NOT NULL,
  PRIMARY KEY (`id`)
) ENGINE=MyISAM  DEFAULT CHARSET=utf8 AUTO_INCREMENT=10 ;

--
-- dump ตาราง `position`
--

INSERT INTO `position` (`id`, `Pname`) VALUES
(1, 'อาจารย์'),
(2, 'เจ้าหน้าที่บริหารงานทั่วไป'),
(3, 'นักวิชาการอุดมศึกษา '),
(4, 'นักวิชาการศึกษา'),
(5, 'นักวิชาการเงินและบัญชี'),
(6, 'นักวิทยาศาสตร์'),
(7, 'นักวิทยาศาสตร์สุขภาพ'),
(8, 'พนักงานธุรการ'),
(9, 'แม่บ้าน');

-- --------------------------------------------------------

--
-- โครงสร้างตาราง `solve`
--

CREATE TABLE IF NOT EXISTS `solve` (
  `sid` int(4) NOT NULL AUTO_INCREMENT,
  `id` int(4) NOT NULL,
  `howto` text NOT NULL,
  `sdate` date NOT NULL,
  `sname` varchar(150) NOT NULL,
  PRIMARY KEY (`sid`)
) ENGINE=MyISAM  DEFAULT CHARSET=utf8 AUTO_INCREMENT=215 ;

--
-- dump ตาราง `solve`
--

INSERT INTO `solve` (`sid`, `id`, `howto`, `sdate`, `sname`) VALUES
(1, 1, 'ทำการ format และติดตั้ง Windows ใหม่ เลือกใช้ Windows 7 แทนของเดิมที่เป็น Windows Vista ', '2011-09-23', 'นิติ โชติแก้ว'),
(2, 2, 'ทำการอัพเดตและไวรัสไดรฟ์ C: D: แล้วพบไวรัสในไดรฟ์ D: 1 ตัว การกำจัดเรียบร้อย สถาพการทำงานของเครื่องโดยรวมปกติดี', '2011-10-11', 'นิติ โชติแก้ว'),
(3, 3, 'ทำการ Remote Desktop ไปพิมพ์ที่ทางศูนย์จัดให้ที่ 192.168.2.89 เลือก รายงานครุภัณฑ์', '2011-10-13', 'นิติ โชติแก้ว'),
(4, 4, 'ตรวจสอบพบว่า firewall ของโปรแกรมแอนตี้ไวรัส AVG ป้องกันการเข้าถึงการใช้เครื่องพิมพ์แบบเครือข่าย ดำเนินการแก้ไขโดยปรับค่า firewall ใหม่เป็น allow all', '2011-10-25', 'นิติ โชติแก้ว'),
(5, 5, 'ตรวจสอบพบว่า power supply เสีย ดำเนินการเปลี่ยนเรียบร้อย', '2011-10-26', 'นิติ โชติแก้ว'),
(6, 6, 'ดำเนินการ format และติดตั้ง windows ใหม่', '2011-11-01', 'นิติ โชติแก้ว'),
(7, 7, 'ตรวจสอบพบว่า firewall ของโปรแกรมแอนตี้ไวรัส AVG 2012 ป้องกันการเข้าถึงการใช้เครื่องพิมพ์แบบเครือข่าย ดำเนินการแก้ไขโดยปรับค่า firewall เป็น stopped', '2011-11-03', 'นิติ โชติแก้ว'),
(8, 8, 'ดำเนินการติดตั้ง Windows ใหม่ จาก Windows XP SP 3 เป็น Windows XP SP 2 เนื่องจากโปรแกรมการเงิน 3 มิติ จะทำงานบน SP 2 ได้ไม่มีปัญหา ใช้เวลาการติดตั้งใหม่เป็นเวลา 2 ชั่วโมง', '2011-11-07', 'นิติ โชติแก้ว'),
(9, 9, 'น่าจะแบตเตอรี่ CMOS สกปรกหรือหมดอายุการใช้ ทำการแกะเครื่องมาทำความสะอาด และถอดแบตเตอรี่มาเช็ดใหม่สะอาดอาการเป็นปกติ', '2011-11-30', 'นิติ โชติแก้ว'),
(10, 10, 'น่าจะเกิดจากไวรัส ไม่สามารถลงโปรแกรมเพิ่ม-ลบ โปรแกรมได้ (ตัว Nero ที่ผู้ใช้ติดตั้งเป็นไวรัส) แจ้งผู้ใช้ส่งศูนย์คอมพิวเตอร์', '2011-12-01', 'นิติ โชติแก้ว'),
(11, 11, 'ไฟล์ Windows เสียหาย ดำเนินการติดตั้ง Windows ให้ใหม่', '2011-12-01', 'นิติ โชติแก้ว'),
(12, 12, 'ทำการ format และลง Windows ให้ใหม่ ', '2011-12-06', 'นิติ โชติแก้ว'),
(13, 13, 'ไม่ทราบสาเหตุของปัญหาที่แน่ชัด ขอสัญญิฐานน่าจะเกิดจากความขัดแย่งของโปรแกรม MS-Word 2007 กับ MS-Word 2003 เพราสังเกตว่า Word 2003 หายไป ดำเนินการถอนโปรแกรม MS-Office 2003 ออก และทำการ Active Windows ด้วย', '2011-12-15', 'นิติ โชติแก้ว'),
(14, 14, 'สามารถเกิดผู้ใช้ ทำการลบโพรโตคอลเกี่ยวกับ network ออก. ทำการเคีลร์ตัว printer และเพิ่มโพรโตคอลเข้าไปใหม่ รีสตาร์เครื่อง เพิ่มเครื่อง printer เข้าไปใหม่', '2012-01-17', 'นิติ โชติแก้ว'),
(15, 15, 'เกิดจากการเซ็ตค่า ภายใน IE เนื่องจากผู้ใช้มีการใช้ air card ตัวโปรแกรมได้เซ็ตค่า connection เป็น dial ดำเนินการปิดไม่ให้ใช้ค่าดังกล่าว ', '2012-01-17', 'นิติ โชติแก้ว'),
(16, 16, 'ทำการปิด windows update และรัน chew 7 แก้ไข', '2012-01-18', 'นิติ โชติแก้ว'),
(17, 17, 'ตรวจสอบพบว่า มีการติดตั้งโปรแกรม jaws topdf สำหรับแปลงไฟล์ pdf จะมีการชนกับ adobe reader ดำเนินการ uninstall โปรแกรม jaws topdf และ adobe reader ออกไป แล้วติดตั้งเฉพาะ adobe reader ใหม่', '2012-01-25', 'นิติ โชติแก้ว'),
(18, 18, 'ดำเนินการ Format และลง Windows ให้ใหม่', '2012-01-26', 'นิติ โชติแก้ว'),
(19, 19, 'ทำการสแกนนไวรัส และกำจัด', '2012-02-06', 'นิติ โชติแก้ว'),
(20, 20, 'ดู log แล้วแจ้งว่า ''error code 0x534. [SQLSTATE 42000] (ConnIsLoginSysAdmin)''  ดำเนินการแก้ไขโดยเปลี่ยน Ower ใน Job Properties เป็น ''sa'' อ้างอิง: http://serverfault.com/questions/93774/automate-sql-server-2008-backup-script-failing-to-run', '2012-02-07', 'นิติ โชติแก้ว'),
(21, 21, 'ตรวจพบว่าโปรแกรม adobe reader กินแรมสูงมากว่าปกติ ลองแสกนไวรัสและลบขยะในเครื่องออก สามารถช่วยได้ระดับ ไม่พบไวรัส เปอร์เซอร์การใช้แรมทั้งหมดอยู่ที่ 500 - 600 MB กว่าๆ', '2012-02-16', 'นิติ โชติแก้ว'),
(22, 22, 'IE8 น่าจะมีปัญหา แก้ปัญหาโดยใช้ IE6 แทน เพราะเซ็ตปิด pop-up blocker ก็ไม่หาย จะลองทำการลง IE8 ใหม่ ', '2012-02-16', 'นิติ โชติแก้ว'),
(23, 23, 'ปลั๊ก 3 ตาไม่ได้เสียบ...', '2012-02-22', 'นิติ โชติแก้ว'),
(24, 24, 'ตรวจสอบพบว่าได้ลง driver ของการ์ดแลน ดำเนินการลง driver และ share printer', '2012-02-23', 'นิติ โชติแก้ว'),
(25, 25, 'ที่จอภาพแจ้งว่าไฟล์ system ของ windows พังหรือขัดแยงกัน ทำการใช้แผ่น windows ซ่อมแซ่ม', '2012-02-24', 'นิติ โชติแก้ว'),
(26, 26, 'ทำการ clean temp ไฟล์ IE และ disk cleanup windows', '2012-02-27', 'นิติ โชติแก้ว'),
(27, 27, 'จากการสแกนไวรัส พบว่าติดไวรัสประเภท shortcut ชนิดร้ายแรง ทำการกำจัดไวรัส และกู้คืนข้อมูล', '2012-03-12', 'นิติ โชติแก้ว'),
(28, 28, 'error แจ้งว่าไม่พบ hard disk สาเหตุพบว่าเครื่องขี้ฝุ่นเยอะมาก เพราะว่าตำแหน่งวางอยู่ใต้โต๊ะ... ทำการเป่าฝุ่นเครื่อง สามารถใช้งานได้ปกติ', '2012-03-12', 'นิติ โชติแก้ว'),
(29, 29, 'ประสานงานกับเจ้าหน้าที่ ของ อาคาร สวล. พบว่า DHCP Server มีปัญหา และดำเนินการเรียบร้อย และแจ้ง Mac Address ผิด ดำเนินการแก้ไขแล้ว', '2012-04-18', 'นิติ โชติแก้ว'),
(30, 30, 'เป็นที่โปรแกรม Nero 6 ลงโปรแกรม Nero ใหม่ เป็นเวอร์ชั่น 8', '2012-05-18', 'นิติ โชติแก้ว'),
(31, 31, 'ติดตั้งลง windows ใหม่', '2012-05-18', 'นิติ โชติแก้ว'),
(32, 32, 'ปัญหาน่าจะเกิดจากไวรัส เพราะโปรแกรมป้องกันไวรัสไม่ได้อัพเดตนานมาก ทำการ format และลง os ใหม่', '2012-05-25', 'นิติ โชติแก้ว'),
(33, 33, 'ทำการรีโหมด เข้าไปติดตั้ง', '2012-05-28', 'นิติ โชติแก้ว'),
(34, 34, 'มีการตั้งค่าให้ auto connect เปลี่ยนค่าไวเลสใหม่ให้ป็น On Demand', '2012-06-25', 'นิติ โชติแก้ว'),
(35, 35, 'ในการติดตั้งเพื่อ share print server ห้อง E802 ดำเนินการดังนี้\r\n-เดินสายแลนใหม่ ไปยังห้อง E802 เนื่องจากสายเดิมเวลาใช้งานแล้วมีปัญหาสัญญารหลุด\r\n-ติดตั้ง switch 24 port 1 ตัว ผ่านเครื่องสำรองไฟ 1 ตัว\r\n-ติดดั้ง print server (FPS-3121) กับ hp printer 1160 \r\n-ทำการเชื่อมต่อกับตัว print server โดยวิธี share ผ่านการติดตั้ง LPD service บนวินโดวส์ XP และ วินโดวส์ 7 ตามบันทึก http://opensource.cc.psu.ac.th/%E0%B8%95%E0%B8%B4%E0%B8%94%E0%B8%95%E0%B8%B1%E0%B9%89%E0%B8%87_LPD_service_%E0%B8%9A%E0%B8%99_XP และ http://opensource.cc.psu.ac.th/%E0%B8%95%E0%B8%B4%E0%B8%94%E0%B8%95%E0%B8%B1%E0%B9%89%E0%B8%87_LPD_service_%E0%B8%9A%E0%B8%99%E0%B8%A7%E0%B8%B4%E0%B8%99%E0%B9%82%E0%B8%94%E0%B8%A7%E0%B8%AA%E0%B9%8C_7\r\n\r\n', '2012-06-28', 'นิติ โชติแก้ว'),
(36, 36, 'ดำเนินการเรียบร้อย จัดซื้อ Power Injector ของ hp รุ่น 3CNJPSE POE Single Port ใช้กับโทรศัพท์ 3Com รุ่น 3101SP ', '2012-05-29', 'นิติ โชติแก้ว'),
(37, 37, 'drum ตลับหมึกรั่ว ทำการเปลี่ยนตลับหมึกใหม่', '2012-07-11', 'นิติ โชติแก้ว'),
(38, 38, 'ดำเนินการเรียยร้อย', '2012-07-13', 'นิติ โชติแก้ว'),
(39, 39, 'share printer กับเครื่อง hp 1020', '2012-07-17', 'นิติ โชติแก้ว'),
(40, 40, 'ลงโปแกรม Adobe Reader ใหม่', '2012-07-24', 'นิติ โชติแก้ว'),
(41, 41, 'ทำการติดตั้งโปรแกรมใหม่', '2012-07-27', 'นิติ โชติแก้ว'),
(42, 42, 'ทำการกู้ข้อมูลเรียนร้อย', '2012-08-06', 'นิติ โชติแก้ว'),
(43, 43, 'ดำการเรียบร้อย', '2012-08-08', 'นิติ โชติแก้ว'),
(44, 44, 'ลง windows ให้ใหม่', '2012-08-21', 'นิติ โชติแก้ว'),
(45, 45, 'แก้ไขตามขั้นที่ http://malwaretips.com/Thread-How-to-remove-System-Progressive-Protection-virus', '2012-10-02', 'นิติ โชติแก้ว'),
(46, 46, 'ดำเนินการติดตั้งเรียบร้อย', '2012-10-02', 'นิติ โชติแก้ว'),
(47, 47, 'ข้อมูลบน disk กระจัดกระจาย ทำการ disk cleanup, check disk, defragmenter อาการดีขึ้น และแนะนำให้ผู้ใช้สำรองข้อมูลลง cd', '2012-10-09', 'นิติ โชติแก้ว'),
(48, 48, 'ดำเนืนการเรียบร้อย', '2012-10-11', 'นิติ โชติแก้ว'),
(49, 49, 'ดำเนืนการเรียบร้อย', '2012-10-22', 'นิติ โชติแก้ว'),
(50, 50, 'format ลง windows ใหม่', '2012-10-31', 'นิติ โชติแก้ว'),
(51, 51, 'ดำเนินการเรียบร้อย', '2012-11-01', 'นิติ โชติแก้ว'),
(52, 52, 'ไฟล์ boot windows พัง ทำการใช้แผ่น windows pe และใช้คำสั่ง chkdsk c: /r', '2012-12-11', 'นิติ โชติแก้ว'),
(53, 53, 'เหมือน HDD มีปัญหา ทำการถอดออกมาทำความสะอาด ใช้โปรแกรม MHDD ตรวจสอบ ผลที่ได้โดยรวมยังปกติ ทำการสำรองข้อมูล และสั่ง scandisk แบบ Fix', '2012-12-12', 'นิติ โชติแก้ว'),
(54, 54, 'ใช้โปรแกรม Chew แก้ไข', '2012-12-12', 'นิติ โชติแก้ว'),
(55, 55, 'ดำเนินการติดตั้ง spss 21 เรียบร้อย', '2012-12-25', 'นิติ โชติแก้ว'),
(56, 56, 'แก้ไขเรียบร้อย', '2013-01-10', 'นิติ โชติแก้ว'),
(57, 57, 'โน๊ตบุกติดไวรัส ใช้ไวไฟไม่ได้ แก้ไขให้เรียบร้อย', '2013-01-22', 'นิติ โชติแก้ว'),
(58, 58, 'เรียบร้อย', '2013-01-25', 'นิติ โชติแก้ว'),
(59, 59, 'เรียบร้อยครับใช้โปรแกรมกู้ recuva', '2013-02-06', 'นิติ โชติแก้ว'),
(60, 60, 'อาการเหมือนติดไวรัส format ใหม่', '2013-02-06', 'นิติ โชติแก้ว'),
(61, 61, 'Remove WaT', '2013-03-11', 'นิติ โชติแก้ว'),
(62, 62, 'โอเค', '2013-03-01', 'นิติ โชติแก้ว'),
(63, 63, 'สืบเนื่องจาก outlet บริเวณเบอร์ 2714 ไม่สามารถใช้งานได้คาดว่าน่าจะเกิดหนูกัดสายบริเวณบนฝ้าเพดาน จึงทำสลับสายไปใช้ที่ outlet CT31A แทน โดยการไปใช้ port 8 ที่ sw 1 (เดิมเปน outlet CT07 ห้องพักอาจารย์) และทำการย้ายเครื่อง printer กลับมาบริเวณเดิม ', '2013-03-12', 'นิติ โชติแก้ว'),
(64, 64, 'Update IE 7', '2013-03-13', 'นิติ โชติแก้ว'),
(65, 65, 'ลง office 2010 ให้ใหม่', '2013-05-08', 'นิติ โชติแก้ว'),
(66, 66, 'โอเค', '2013-06-04', 'นิติ โชติแก้ว'),
(67, 67, 'โอเค', '2013-06-03', 'นิติ โชติแก้ว'),
(68, 68, 'เรียบร้อย', '2013-07-05', 'นิติ โชติแก้ว'),
(69, 69, '*เรียบร้อย', '2013-07-05', 'นิติ โชติแก้ว'),
(70, 70, 'ลงวินโดร์ใหม', '2013-08-16', 'นิติ โชติแก้ว'),
(71, 71, 'เรียบร้อย', '2013-08-07', 'นิติ โชติแก้ว'),
(72, 72, 'เคลื่อนย้ายคอม', '2013-08-16', 'นิติ โชติแก้ว'),
(73, 73, 'ชี้แจ้งความเข้าใจเรื่องการส่งพิมพ์งาน', '2013-07-16', 'นิติ โชติแก้ว'),
(74, 74, 'ลงวินโดรใมห่', '2013-08-13', 'นิติ โชติแก้ว'),
(75, 75, 'เรียบร้อย', '2013-09-05', 'นิติ โชติแก้ว'),
(76, 76, 'เรียบร้อย', '2013-09-04', 'นิติ โชติแก้ว'),
(77, 77, 'สาย usb ไมได้เสียบ ให้ดูเรื่องสายด้วย เพราะแก้อยู่ตั้งนาน', '2013-09-02', 'นิติ โชติแก้ว'),
(78, 78, 'เนื่องจากยางบริเวณแกนดูดกระดาษภายในเครื่อง มีกาวติดอยู่ และสึกหรอ ทำการเช็ดออกยาก ต้องทำการเปลี่ยนยางที่ซึกหร่อออกให้หมด รอส่งซ่อม', '2013-09-24', 'นิติ โชติแก้ว'),
(79, 79, 'ทำการสร้าง rule ที่ windows firewall ปิด port 80,443 ชื่อไฟล์ MyBlock', '2013-11-15', 'นิติ โชติแก้ว'),
(80, 80, 'HDD เสียเปลี่ยนเครื่อง', '2013-10-25', 'นิติ โชติแก้ว'),
(81, 81, 'ดำเนินการเรียบร้อย', '2013-11-19', 'นิติ โชติแก้ว'),
(82, 82, 'ดำเนินการเรียบร้อย', '2013-11-22', 'นิติ โชติแก้ว'),
(83, 83, 'ดำเนินการเรียบร้อย', '2013-12-13', 'นิติ โชติแก้ว'),
(84, 84, 'ดำเนินการเรียบร้อย', '2013-12-16', 'นิติ โชติแก้ว'),
(85, 85, 'ดำเนินการเรียบร้อย', '2014-01-21', 'นิติ โชติแก้ว'),
(86, 86, 'ดำเนินการเรียบร้อย', '2014-01-24', 'นิติ โชติแก้ว'),
(87, 87, 'ดำเนินการเรียบร้อย', '2014-01-15', 'นิติ โชติแก้ว'),
(88, 88, 'ดำเนินการเรียบร้อย', '2013-12-23', 'นิติ โชติแก้ว'),
(89, 89, 'ดำเนินการเรียบร้อย', '2013-12-23', 'นิติ โชติแก้ว'),
(90, 90, 'จอคอมเสีย เปลี่ยนเอาของคณะไปใช้แทน ห้อง E105', '2014-01-24', 'นิติ โชติแก้ว'),
(91, 91, 'ลง windows ใหม่', '2014-03-03', 'นิติ โชติแกว'),
(92, 92, 'ลงวินโดน์ใหม่', '2014-03-03', 'นิติ โชติแกว'),
(93, 93, 'โอเค', '2014-05-20', 'นิติ โชติแก้ว'),
(94, 94, 'โอเค', '2014-06-10', 'นิติ โชติแก้ว'),
(95, 95, 'ดำเนินการติดตั้งแล้ว', '2014-06-10', 'นิติ โชติแก้ว'),
(96, 96, 'ok อย่างเร็ว', '2014-06-11', 'นิติ โชติแก้ว'),
(97, 97, 'ลงโปรแกรมเรียบร้อย ', '2014-07-30', 'นิติ โชติแก้ว'),
(98, 98, 'เรียบร้อย ', '2014-08-06', 'นิติ โชติแก้ว'),
(99, 99, 'เรียบร้อย ', '2014-08-05', 'นิติ โชติแก้ว'),
(100, 100, 'เรียบร้อย', '2014-09-03', 'นิติ โชติแก้ว'),
(101, 101, 'เปลี่ยนตำแหน่ง wifi router มาต่อตรง', '2014-08-27', 'นิติ โชติแก้ว'),
(102, 102, 'ติดตั้ง switch เพิ่ม ย้าย wifi router กลับที่เดิม', '2014-09-01', 'นิติ โชติแก้ว'),
(103, 103, '้เรียบร้อยแล้ว', '2014-09-16', 'นิติ โชติแก้ว'),
(104, 104, 'เรียบร้อยแล้ว', '2014-09-15', 'นิติ โชติแก้ว'),
(105, 105, 'เปลี่ยนถ่านเรียบร้อย', '2014-09-25', 'นิติ โชติแก้ว'),
(106, 106, 'ติดตั้งเรียบร้อย มีปัญหาเรือง wifi ไม่เสรียร', '2014-09-26', 'นิติ โชติแก้ว'),
(107, 107, 'เอาจอห้อง E703 ไปเปลี่ยนทดแทน', '2014-10-03', 'นิติ โชติแก้ว'),
(108, 108, 'ขอความช่วยเหลือจากพี่หวุ่น เปลี่ยนช่องสัญญาณ wifi ใหม่เป็น auto', '2014-10-08', 'นิติ โชติแก้ว'),
(109, 109, 'ดำเนินเปลี่ยน HDD และลงวินโดร์ใหม่', '2014-11-06', 'นิติ โชติแก้ว'),
(110, 110, 'ใช้ไดร์เออร์เป่าผงหมึก เปลี่ยนตลับหมึกใหม่', '2014-11-04', 'นิติ โชติแก้ว'),
(111, 111, 'สาเหตุกระดาษติด (สัญญาณไฟอยู่ที่สัญลักษณ์อันแรก)', '2014-11-19', 'นิติ โชติแก้ว'),
(112, 112, 'เปลี่ยนคอมชุดใหม่ all in one', '2014-11-25', 'นิติ โชติแก้ว'),
(113, 113, 'กำจัดไวรัส', '2014-11-26', 'นิติ โชติแก้ว'),
(114, 114, 'ram สกปรก', '2014-12-01', 'นิติ โชติแก้ว'),
(115, 115, 'ลง windows ใหม่ เรียบร้อยแล้ว', '2014-12-19', 'นิติ โชติแก้ว'),
(116, 116, 'ลง windows 7 ใหม่', '2014-12-22', 'นิติ โชติแก้ว'),
(117, 117, 'เป็นที่ตัว windowsXP และ driver ของตัว network มีปัญหา รอลงเครื่องใหม่', '2014-12-24', 'นิติ โชติแก้ว'),
(118, 118, 'เปลี่ยน ถ่าย CMOS ให้ ถ้ามีปัญหาอีกแสดงว่า chip นาฬิกาที่ mainbord เสีย', '2015-01-08', 'นิติ โชติแก้ว'),
(119, 119, 'ลง flash ใหม่', '2015-01-08', 'นิติ โชติแก้ว'),
(120, 120, 'ดำเนินการเรียบร้อย', '2015-01-09', 'นิติ โชติแก้ว'),
(121, 121, 'คาดว่ามีเครื่องของเจี๊ยบในห้องสมุด แชร์อุปกรณ์ internet getaway drive ซึ่งเกิดจากไวรัส ทำการปิดแชร์ home network ลบโปรแกรม flash ที่ชื่อแปลกๆ', '2015-01-30', 'นิติ โชติแก้ว'),
(122, 122, 'แก้ไขตามรายการที่ให้มา', '2015-01-30', 'นิติ โชติแก้ว'),
(123, 123, 'แจ้งอู้ 2079 จัดสรรหมายเลย ip ช่วงใหม่ 192.168.236.160 - 192.168.236.190\r\nAP 192.168.236.64\r\nsamsumg 192.168.236.63\r\ncom print 192.168.236.62', '2015-02-04', 'นิติ โชติแก้ว'),
(124, 124, 'ไดร์ฟเวอร์การ์ดแลน มีปัญหากับ xp', '2015-02-04', 'นิติ โชติแก้ว'),
(125, 125, 'ติดตั้งเรียบร้อย', '2015-02-17', 'นิติ โชติแก้ว'),
(126, 126, 'เปลี่ยนหมึกส่งแคลม', '2015-03-10', 'นิติ โชติแก้ว'),
(127, 127, 'ลง windows ใหม่', '2015-03-13', 'นิติ โชติแก้ว'),
(128, 128, 'สายแลน printer server หลวม', '2015-03-12', 'นิติ โชติแก้ว'),
(129, 129, 'ลงวินโดร์ใหม่', '2015-03-20', 'นิติ โชติแก้ว'),
(130, 130, 'เปลี่ยนแบตเรียบร้อย', '2015-03-20', 'นิติ โชติแก้ว'),
(131, 131, 'แอมเลื้อนตู้ไปทับสายแตก เปลี่ยนใหม่แก้ไขเรียบร้อย', '2015-03-25', 'นิติ โชติแก้ว'),
(132, 132, 'แจ้งศูนยคอมแก้ไขแล้ว', '2015-03-25', 'นิติ โชติแก้ว'),
(133, 133, 'ดำเนินการเดินสายไฟเบอร์โดยรอยในท่อเหล็กด้วย ในการนี้ใช้เงินงบประมาณคณะทั้งหมด เนื่องจากศูนย์คอมอ้างไม่มีงบประมาณ ดำเนินการซ่อมโดย บ.หาดใหญ่ เคอีซี โดย คุณสุภาพ โทร.089-733-9099', '2015-04-09', 'นิติ โชติแก้ว'),
(134, 134, 'เปลี่ยนตัวใหม่', '2015-04-28', 'นิติ โชติแก้ว'),
(135, 135, 'ติดตั้ง ccleanner', '2015-04-28', 'นิติ โชติแก้ว'),
(136, 136, 'RAM หลวม', '2015-04-28', 'นิติ โชติแก้ว'),
(137, 137, 'ดำเนินการเรียนร้อย', '2015-06-17', 'นิติ โชติแก้ว'),
(138, 138, 'ติดตั้ง ccleaner', '2015-06-19', 'นิติ โชติแก้ว'),
(139, 139, 'เปลี่ยน batt', '2015-06-19', 'นิติ โชติแก้ว'),
(140, 140, 'เปลี่ยนแบตใหม่', '2015-07-03', 'นิติ โชติแก้ว'),
(141, 141, 'ดำเนินการเรียบร้อย', '2015-08-04', 'นิติ โชติแก้ว'),
(142, 142, 'ดำเนินการเรีนยร้อย', '2015-09-22', 'นิติ โชติแก้ว'),
(143, 143, 'ดำเนินการเรีนยร้อย', '2015-09-22', 'นิติ โชติแก้ว'),
(144, 144, 'ดำเนิการเรียบร้อย', '2015-10-06', 'นิติ โชติแก้ว'),
(145, 145, 'ดำเนิการเรียบร้อย', '2015-10-06', 'นิติ โชติแก้ว'),
(146, 146, 'ดำเนิการเรียบร้อย', '2015-10-06', 'นิติ โชติแก้ว'),
(147, 147, 'เครื่อส่วนตัว ดำเนิการเรียบร้อย', '2015-09-30', 'นิติ โชติแก้ว'),
(148, 148, 'ตรวจสอบแล้วปกติ', '2015-10-29', 'นิติ โชติแก้ว'),
(149, 149, 'ติดมัลแวร์ ติดตั้งโปรแกรมสแกนกำจัดแล้วแล้ว', '2015-10-28', 'นิติ โชติแก้ว'),
(150, 150, 'ดำเนินการเปลี่ยนปลั๊กใหม่', '2015-10-29', 'นิติ โชติแก้ว'),
(151, 151, '-ติดไวรัส shortcut เป็นนามสกุล .lnk กำจัดแล้ว\n-svchost.exe ทำกิน ram เยอะผิดปกติ ปิด service เกี่ยวกับ windows update', '2015-10-29', 'นิติ โชติแก้ว'),
(152, 152, 'ดำเนินการเรียบร้อย', '2015-11-11', 'นิติ โชติแก้ว'),
(153, 153, 'เครื่องติด maleware กำจัดแล้ว', '2015-11-06', 'นิติ โชติแก้ว'),
(154, 154, 'ไม่พบไวรัส สาเหตุเครื่อง ram น้อย แนะนำให้เพิ่ม ram', '2015-11-06', 'นิติ โชติแก้ว'),
(155, 155, 'ทำการแชร์ printer ใหม่', '2015-11-06', 'นิติ โชติแก้ว'),
(156, 156, 'ดำเนินการแล้ว', '2015-11-16', 'นิติ โชติแก้ว'),
(157, 157, 'สาเหตุมาจากเครื่องฝุ่นเยอะ ทำความสะอาด อาการการเชื่อมต่อติดๆดับๆ หาย', '2015-11-12', 'นิติ โชติแก้ว'),
(158, 158, 'ไดร์ฟ D มีปัญหา มี bad sector ', '2015-12-14', 'นิติ โชติแก้ว'),
(159, 159, 'switch ไม่ทำงานเนื่องจากไฟฟ้าดับ ดำนินการแก้ไขแล้ว', '2016-01-12', 'นิติ โชติแก้ว'),
(160, 160, 'แก้ปัญหา flash', '2016-01-21', 'นิติ โชติแก้ว'),
(161, 161, 'เรียบร้อย ', '2016-01-21', 'นิติ โชติแก้ว'),
(162, 162, 'เปลี่ยนตลับโทรศัพท์ใหม่', '2016-02-04', 'นิติ โชติแก้ว'),
(163, 163, 'กำจัดไวรัสได้แต่กู้ไฟล์ไม่ได้', '2016-03-29', 'นิติ โชติแก้ว'),
(164, 164, 'นศ.ติดตั้งไม่สมบูรณ์ ทำการติดตั้งใหม่', '2016-03-29', 'นิติ โชติแก้ว'),
(165, 165, 'เปลี่ยนเมาส์ใหม่', '2016-03-29', 'นิติ โชติแก้ว'),
(166, 166, 'แก้ไขไม่ได้ ไม่สามารถกู้ไฟล์ได้เนื่องจากไฟล์ถูกเข้ารหัส เตีรมล้างเครื่องใหม่', '2016-05-02', 'นิติ โชติแก้ว'),
(167, 167, 'ลง office ใหม่', '2016-03-29', 'นิติ โชติแก้ว'),
(168, 168, 'เปลี่ยนถ่านใหม่', '2016-04-28', 'นิติ โชติแก้ว'),
(169, 169, '-ลบข้อมูลที่ไม่จำเป็น\n-ใช้ ccleaner วิเคราะห์ข้อมูล', '2016-04-28', 'นิติ โชติแก้ว'),
(170, 170, 'เกิดเมาแวร์ ทำการสแกนไวรัสอาการหาย', '2016-04-19', 'นิติ โชติแก้ว'),
(171, 171, 'เปลี่ยนเรียบร้อย แทน พผท.ง 9110-005-0001/51-16', '2016-05-30', 'นิติ โชติแก้ว'),
(172, 172, 'แจ้งศูนย์คอมพิวเตอร์ให้มาแก้ไขเรียบร้อบ สาเหตุขาดว่ามาจากการค่า config ใหม่ของ switch (ปัญหาภายนอก)', '2016-06-01', 'นิติ โชติแก้ว'),
(173, 173, 'เนื่องจากปัญหา flash ใน windows 8 แก้ไขโดยลงวินโดร์ใหม่เป็น windows 10', '2016-06-03', 'นิติ โชติแก้ว'),
(174, 174, 'เครื่องเป็น windowsXP ดำเนินการลง windows 7 ให้ใหม่', '2016-06-08', 'นิติ โชติแก้ว'),
(175, 175, 'เครื่องเป็น windows 10 ทำให้ไม่สามารถมองเห็น printer ที่เป็น driver ของ windows 7 ได้ (สืบเนื่องจากมีการ update windows 7 เป็น 10) ทำการ roll back to windows 7', '2016-06-09', 'นิติ โชติแก้ว'),
(176, 176, 'เกิดจากพฤติกรรมผู้ใช้งาน ในการสร้างและลบทันทีใน derive d:', '2016-07-07', 'นิติ โชติแก้ว'),
(177, 177, 'ดำเนินการเปลี่ยนคีย์บอร์ดให้ใหม่', '2016-07-07', 'นิติ โชติแก้ว'),
(178, 178, 'ดำเนินการเปลี่ยนโทรศัพท์เครื่องใหม่ นำไปลงทะเบียนใหม่กับศูนย์คอมพิวเตอร์ ตามรายละเอียด\r\nTitle: เบอร์ 2710 คณะการแพทย์แผนไทย ไม่ค่อยได้ยินเสียงสนทนา\r\n            Description: ได้รับแจ้งจากน้องนิติ โทร 2716 คณะการแพทย์แผนไทย ว่าเบอร์ 2710 ไม่ค่อยได้ยินเสียงสนทนา ได้แนะนำให้ลองเปลี่ยนปากพูดหูฟังและสายแล้ว โดยน้องนิติได้นำเครื่องไอพีโฟนใหม่มาให้กำหนดค่าการใช้งานทดแทนเครื่องเดิมที่มีปัญหา\r\n            Category: ADSL_Telephone_Voice\r\n            Sub Category: Office Phones\r\n            Assigned To: haruthai.s\r\n            Urgency: Normal\r\n            Status: Open', '2016-07-27', 'นิติ โชติแก้ว'),
(179, 179, 'เปลี่ยนถ่านเรียบร้อย', '2016-07-28', 'นิติ โชติแก้ว'),
(180, 180, 'ดำเนินการให้เรียบร้อย', '2016-07-28', 'นิติ โชติแก้ว'),
(181, 181, 'ไฟล์ boot sector ของระบบวินโดร์พัง พยายมแก้ไขแล้วโดย การใช้ CD system repair สุดท้ายแก้ไขไม่ได้ต้องลง windows ใหม่ ', '2016-08-02', 'นิติ โชติแก้ว'),
(182, 182, 'ตรวจสอบใช้งานได้ปกติ ทำความสะอาดเครื่อง', '2016-08-08', 'นิติ โชติแก้ว'),
(183, 183, 'ดำเนินการเรียบร้อย', '2016-08-04', 'นิติ โชติแก้ว'),
(184, 184, 'ดำเนินการเรียบร้อย', '2016-08-08', 'นิติ โชติแก้ว'),
(185, 185, 'ดำเนินการแล้วคาดว่า HD เสีย เปลี่ยน HD ใหม่ให้', '2016-08-15', 'นิติ โชติแก้ว'),
(186, 186, 'ดำเนินการเรียบร้อย', '2016-08-31', 'นิติ โชติแก้ว'),
(187, 187, 'ดำเนิการเรียบร้อย', '2016-08-31', 'นิติ โชติแก้ว'),
(188, 188, 'ติดตั้ง windows เครื่องคอม opd ใหม่', '2016-09-06', 'นิติ โชติแก้ว'),
(189, 189, 'ดำเนินการเรียบร้อย', '2016-09-28', 'kengi'),
(190, 190, 'ปัญหา flash แฮงค์ เนื่องจาการอัพเดตวินโดน์ไม่สมบูรณ์ ดำเนินการอัพเดตใหม่ สามารถแก้ปัญหาได้', '2016-10-03', 'นิติ โชติแก้ว'),
(191, 191, 'ดำเนินการเรียนร้อย', '2016-10-03', 'นิติ โชติแก้ว'),
(192, 192, 'ลง windows ใหม่', '2016-10-20', 'kengi'),
(193, 193, 'ดำเนินการแล้วเสร็จ ปัญหาเกี่ยวกับ flash', '2016-10-25', 'นิติ โชติแก้ว'),
(194, 194, 'เรียบร้อย', '2016-11-04', 'นิติ โชติแก้ว'),
(195, 195, 'ดำเนินการเรียบร้อย', '2016-11-08', 'kengi'),
(196, 196, 'ดำเนินการเรียบร้อย', '2016-11-09', 'kengi'),
(197, 197, 'ดำเนินการเรียบร้อย', '2016-11-09', 'kengi'),
(198, 198, 'ดำเนินการเรียบร้อย', '2016-12-21', 'นิติ โชติแก้ว'),
(199, 199, 'ติดตั้ง EntNote เวอรชั่น 7 ที่รองรับ word', '2017-01-25', 'kengi'),
(200, 200, 'power supply เสีย ดำเนินการแจ้งซ่อมเปลี่ยน', '2017-01-25', 'นิติ โชติแก้ว'),
(201, 201, 'สาเหตุน่าจะหัวแจ๊คเสียบโทรศัพท์หลวม ทำการแยกเบอร์ไป 2704 จำนวน 1 เครื่อง และเดินสายแยกเบอร์ไป 2702 จำนวน 1 เครื่อง ', '2017-01-25', 'นิติ โชติแก้ว'),
(202, 202, 'ดำเนินการเปลี่ยนไมค์เรียบร้อยแล้ว', '2017-01-25', 'นิติ โชติแก้ว'),
(203, 203, 'ดำเนินการเรียบร้อย', '2017-02-03', 'นิติ โชติแก้ว'),
(204, 204, 'ดำเนินการเรียบร้อย', '2017-02-03', 'นิติ โชติแก้ว'),
(205, 205, 'ดำเนินการเรียบร้อย', '2017-02-03', 'นิติ โชติแก้ว'),
(206, 206, 'เนื่อง anit virus ป้องกันการติดตั้ง plusing ทำการอนุญาตให้ติดตั้งได้', '2017-02-01', 'นิติ โชติแก้ว'),
(207, 207, 'เนื่องจากสายโทรศัพท์ชำรุด ดำเนินการเปลี่ยนสายใหม่', '2017-02-03', 'นิติ โชติแก้ว'),
(208, 208, 'ติดตั้งตัว loader 1.9 แก้ไขได้', '2017-02-09', 'นิติ โชติแก้ว'),
(209, 209, 'ดำเนินการเรียบร้อย', '2017-03-03', 'นิติ โชติแก้ว'),
(210, 210, 'ดำเนินการปิด windows update และลง office ใหม่', '2017-03-06', 'นิติ โชติแก้ว'),
(211, 211, 'ดำเนินการใส่ key ใหม่', '2017-03-06', 'นิติ โชติแก้ว'),
(212, 212, 'ช้ามากกกกว่า', '2017-04-06', 'นิติ โชติแก้ว'),
(213, 213, 'qwerty', '2017-04-07', 'ya'),
(214, 213, 'qqq', '2017-04-07', 'qq');

-- --------------------------------------------------------

--
-- โครงสร้างตาราง `trouble`
--

CREATE TABLE IF NOT EXISTS `trouble` (
  `id` int(4) NOT NULL AUTO_INCREMENT,
  `postdate` datetime NOT NULL,
  `type` varchar(50) DEFAULT NULL,
  `detail` text NOT NULL,
  `priority` tinyint(1) DEFAULT NULL,
  `Pid` int(4) NOT NULL,
  `phone` varchar(5) DEFAULT NULL,
  `status` tinyint(1) NOT NULL,
  PRIMARY KEY (`id`)
) ENGINE=MyISAM  DEFAULT CHARSET=utf8 AUTO_INCREMENT=214 ;

--
-- dump ตาราง `trouble`
--

INSERT INTO `trouble` (`id`, `postdate`, `type`, `detail`, `priority`, `Pid`, `phone`, `status`) VALUES
(1, '2011-09-23 00:00:00', 'คอมพิวเตอร์', 'เครื่องทำงานช้า โดยเฉพาะตอนบูตเข้า windows ', 3, 13, '2717', 1),
(2, '2011-10-11 00:00:00', 'ไวรัส', 'สงสัยว่าเครื่องจะติดไวรัส keyboard ไม่ทำงาน ', 1, 21, '2701', 1),
(3, '2011-10-13 00:00:00', 'คอมพิวเตอร์', 'ระบบการเงิน 3 มิติ เรียกดูข้อมูลไม่ได้', 1, 42, '2708', 1),
(4, '2011-10-25 00:00:00', 'คอมพิวเตอร์', 'โน๊ตบุคไม่สามารถสั่งพิพม์งานได้', 2, 8, '2707', 1),
(5, '2011-10-26 00:00:00', 'คอมพิวเตอร์', 'เครื่องคอมพิวเตอร์ห้อง E801 เปิดไม่ติด', 1, 42, '2708', 1),
(6, '2011-10-31 00:00:00', 'คอมพิวเตอร์', 'windows ทำงานช้า เปิดโปรแกรมต่างๆ ช้า ค้างและแฮงค์บ่อย', 2, 29, '2701', 1),
(7, '2011-11-03 00:00:00', 'คอมพิวเตอร์', 'สั่ง print แชร์ pinter ไม่ได้', 2, 20, '2704', 1),
(8, '2011-11-07 00:00:00', 'คอมพิวเตอร์', 'โปรแกรมการเงิน 3 มิติ บางฟังก์ชั่นทำงานไม่ได้', 3, 42, '2708', 1),
(9, '2011-11-30 00:00:00', 'คอมพิวเตอร์', 'คอมห้อง TTM02 พอเปิดเครื่อง จะค้างอยู่หน้า bios ต้องให้มีการกดปุ่ม F1 หรือ F2', 1, 49, '2717', 1),
(10, '2011-12-01 00:00:00', 'คอมพิวเตอร์', 'ลงโปรแกรม Nero แล้วงานไม่ได้', 3, 3, '2717', 1),
(11, '2011-12-01 00:00:00', 'คอมพิวเตอร์', 'Notebook เปิดเข้า Windows ไม่ได้ ', 3, 45, '2704', 1),
(12, '2011-12-02 00:00:00', 'คอมพิวเตอร์', 'โน๊ตบุคทำงานผิดปกติ', 3, 3, '2717', 1),
(13, '2011-12-15 00:00:00', 'คอมพิวเตอร์', 'ไม่สามารถเปิดโปรแกรม MS Word 2007 ได้', 2, 24, '2702', 1),
(14, '2012-01-16 00:00:00', 'คอมพิวเตอร์', 'Notebook สั่งพิมพ์งานบนเครือข่ายไม่ได้', 2, 2, '2708', 1),
(15, '2012-01-17 00:00:00', 'คอมพิวเตอร์', 'notebook ไม่สามารถเปิดเว็บภายมหาวิทยาลัย', 2, 2, '2708', 1),
(16, '2012-01-18 00:00:00', 'คอมพิวเตอร์', 'windows 7 ติด WAT', 3, 29, '2701', 1),
(17, '2012-01-25 00:00:00', 'คอมพิวเตอร์', 'โปรแกรม adobe reader เวลาสั่งพิมพ์ จะมีการสั่งเซฟเป็นไฟล์นามสกุล prn และทำให้เพิมพ์ไมได้', 3, 20, '2704', 1),
(18, '2012-01-25 00:00:00', 'คอมพิวเตอร์', 'Notebook เปิดโปรแกรมแล้วค้าง ช้า ต้องการ Format และลง Windows ใหม่', 3, 35, '2712', 1),
(19, '2012-02-06 00:00:00', 'ไวรัส', 'เครื่องคอมพิวเตอร์การเงิน ที่ รพ. ติดไวรัส', 2, 50, '2717', 1),
(20, '2012-02-07 00:00:00', 'อื่นๆ', 'sql 2008 agent ไม่ยอม auto backup', 2, 26, '2716', 1),
(21, '2012-02-16 00:00:00', 'คอมพิวเตอร์', 'เปิดโปรแกรมช้า จนค้าง', 2, 21, '2701', 1),
(22, '2012-02-16 00:00:00', 'คอมพิวเตอร์', 'ระบบ HRMIS ตอนเลือกพิมพ์ภาระงาน ไม่สามารถเลือกดูได้ เนื่องจาก ติด pop-up ตลอดเวลา', 1, 1, '2700', 1),
(23, '2012-02-22 00:00:00', 'พรินเตอร์', 'รบกวนช่วยดู printer ห้องพักอาจารย์ให้ด้วยนะคะ เหมือนไฟไม่เข้า\r\nเพิ่งเป็นวันนี้เองค่ะ ไม่ทราบเหมือนกันว่าเกิดจากอะไร ด่วนที่สุดนะคะ\r\nช่วงนี้อาจารย์ต้องส่งพิมพ์ข้อสอบค่ะพี่', 1, 3, '2717', 1),
(24, '2012-02-23 00:00:00', 'อินเตอร์เน็ต-เน็ตเวิร์ก', 'ไม่สามารถใช้งานสาย LAN ได้', 3, 62, '2717', 1),
(25, '2012-02-24 00:00:00', 'อินเตอร์เน็ต-เน็ตเวิร์ก', 'ไม่สามารถเข้า windows ได้', 2, 47, '2710', 1),
(26, '2012-02-27 00:00:00', 'อินเตอร์เน็ต-เน็ตเวิร์ก', 'อินเตอร์เน็ตช้า คลิกโหลดไฟล์แนบช้า', 1, 1, '2700', 1),
(27, '2012-03-09 00:00:00', 'ไวรัส', 'flash drive ติดไวรัส', 3, 77, '-', 1),
(28, '2012-03-12 00:00:00', 'คอมพิวเตอร์', 'ไม่สามารถ boot เข้า Windows ได้', 1, 29, '2701', 1),
(29, '2012-04-18 00:00:00', 'อินเตอร์เน็ต-เน็ตเวิร์ก', 'เครือข่ายขั้น 8 ไม่ได้รับ ip Adress', 1, 20, '2704', 1),
(30, '2012-05-18 00:00:00', 'คอมพิวเตอร์', 'โปแกรม Nero เขียนแผ่านแล้วไฟล์ทับของเดิม', 3, 50, '2717', 1),
(31, '2012-05-18 00:00:00', 'ไวรัส', 'ติดไวรัส (445) โจมตี สำนักวิทยบริการปัตานี', 1, 47, '2710', 1),
(32, '2012-05-25 00:00:00', 'คอมพิวเตอร์', 'เครื่องทำงานช้า เล่นเน็ตช้าจนหลุด', 2, 19, '2704', 1),
(33, '2012-05-28 00:00:00', 'อื่นๆ', 'ลงโปรแกรม SPSS', 3, 19, '2704', 1),
(34, '2012-06-25 00:00:00', 'คอมพิวเตอร์', 'สัญญาณ wifi notebook ของ อ.สนั่น ไม่มีให้เลือก ap', 3, 1, '2700', 1),
(35, '2012-06-27 00:00:00', 'พรินเตอร์', 'ทำการติดตั้ง printer server ที่ห้อง E802', 3, 23, '2702', 1),
(36, '2012-05-28 00:00:00', 'อื่นๆ', 'ขอติดตั้งโทรศัพท์ ห้อง LAB TTM01', 3, 62, '2717', 1),
(37, '2012-07-10 00:00:00', 'คอมพิวเตอร์', 'เครื่อง printer เวลาพิมพ์แล้วมีขอบแถบสีดำด้านข้าง', 2, 62, '2717', 1),
(38, '2012-07-13 00:00:00', 'พรินเตอร์', 'ติดตั้งเครื่อง printer canon 1210', 3, 24, '2702', 1),
(39, '2012-07-17 00:00:00', 'พรินเตอร์', 'ติดตั้ง share printer ใน windows 98', 3, 20, '2704', 1),
(40, '2012-07-24 00:00:00', 'คอมพิวเตอร์', 'ไฟล์ PDF ไม่สามารถ print ได้', 3, 13, '2717', 1),
(41, '2012-07-27 00:00:00', 'คอมพิวเตอร์', 'โปรแกรม sftp ไมสามารถใช้งานได้', 3, 23, '2702', 1),
(42, '2012-08-01 00:00:00', 'ไวรัส', 'ข้อมูลในเฟรสไดรฟ์ ที่เป็นโฟรเดอร์หายหมด', 2, 43, '2707', 1),
(43, '2012-08-07 00:00:00', 'คอมพิวเตอร์', 'ลง windows โน๊ตบุคใหม', 3, 18, '2717', 1),
(44, '2012-08-17 00:00:00', 'คอมพิวเตอร์', 'Notebook ทำงานอึดมาก', 3, 8, '2707', 1),
(45, '2012-10-01 00:00:00', 'ไวรัส', 'ไวรัส System-Progressive-Protection', 1, 1, '2700', 1),
(46, '2012-10-02 00:00:00', 'อื่นๆ', 'ขอโปรแกรม snagIT', 3, 32, '2708', 1),
(47, '2012-10-08 00:00:00', 'คอมพิวเตอร์', 'เปิดโปรแกรมช้ามาก เช่น word คลิกขวาช้า', 2, 19, '2704', 1),
(48, '2012-10-09 00:00:00', 'คอมพิวเตอร์', 'ลง windows ใหม่', 3, 29, '2701', 1),
(49, '2012-10-22 00:00:00', 'คอมพิวเตอร์', 'ลง windows ใหม่', 3, 44, '2708', 1),
(50, '2012-10-31 00:00:00', 'คอมพิวเตอร์', 'Windows cannot load the locally stored profile.', 1, 63, '2714', 1),
(51, '2012-11-01 00:00:00', 'อื่นๆ', 'ลงโปรแกรม MS Office 2007', 3, 63, '2714', 1),
(52, '2012-12-11 00:00:00', 'คอมพิวเตอร์', 'ไม่สามารถ boot เข้า windows ได้', 2, 44, '2708', 1),
(53, '2012-12-12 00:00:00', 'คอมพิวเตอร์', 'เข้า windows ไม่ได้ เจออาการ Ctrl+Alt+Delete', 2, 29, '2701', 1),
(54, '2012-12-12 00:00:00', 'อื่นๆ', 'windows ติด WGA', 3, 19, '2704', 1),
(55, '2012-12-27 00:00:00', 'อื่นๆ', 'จัดหาและติดตั้งโปรแกรม spss', 3, 18, '2717', 1),
(56, '2013-01-09 00:00:00', 'พรินเตอร์', 'เครื่อมพิมพ์ที่แชร์สั่ง print ไม่ได้', 3, 63, '2714', 1),
(57, '2013-01-22 00:00:00', 'ไวรัส', 'กำจัดไวรัสให้หน่อย', 3, 10, '2717', 1),
(58, '2013-01-25 00:00:00', 'ไวรัส', 'ตรวจสอบไวรัส', 2, 40, '', 1),
(59, '2013-02-04 00:00:00', 'อื่นๆ', 'กู้ข้อมูล นศ.ป.โท', 3, 63, '2714', 1),
(60, '2013-02-05 00:00:00', 'คอมพิวเตอร์', 'ลง windows ใหม่ห้องพักอาจารย์', 2, 18, '2717', 1),
(61, '2013-03-11 00:00:00', 'คอมพิวเตอร์', 'Notebook ติด WAT', 3, 25, '2702', 1),
(62, '2013-03-01 00:00:00', 'ไวรัส', 'sd card ติดไวรัส', 3, 46, '2717', 1),
(63, '2013-03-11 00:00:00', 'อินเตอร์เน็ต-เน็ตเวิร์ก', 'แก้ไขปัญหา printer และ network โรงพยาบาล', 2, 63, '2714', 1),
(64, '2013-03-13 00:00:00', 'อินเตอร์เน็ต-เน็ตเวิร์ก', 'ไม่สามารถเปิดเว็บบางเว็บได้', 3, 40, '', 1),
(65, '2013-05-02 00:00:00', 'คอมพิวเตอร์', 'office 2007 มีปัญหา', 3, 21, '2701', 1),
(66, '2013-05-30 00:00:00', 'คอมพิวเตอร์', 'ลงวินโดร์ใหม่', 3, 43, '2707', 1),
(67, '2013-06-03 00:00:00', 'อื่นๆ', 'ลงวินโดร์เครื่องใหม่', 3, 18, '2717', 1),
(68, '2013-06-25 00:00:00', 'คอมพิวเตอร์', 'ลงวินโดร์ใหม่', 3, 35, '2712', 1),
(69, '2013-07-01 00:00:00', 'คอมพิวเตอร์', 'ลงลินุกต์', 3, 40, '', 1),
(70, '2013-08-14 00:00:00', 'คอมพิวเตอร์', 'คอมห้อง TTM05/1 ช้า', 3, 18, '2717', 1),
(71, '2013-08-07 00:00:00', 'คอมพิวเตอร์', 'ลงโปรแกรม spss', 3, 10, '2717', 1),
(72, '2013-08-16 00:00:00', 'คอมพิวเตอร์', 'ติดตั้ง computer ที่โรงพยาบาล', 3, 10, '2717', 1),
(73, '2013-07-15 00:00:00', 'พรินเตอร์', 'ปัญหาเรื่องการแชร์เครื่องพิมพ์ เครื่องพิพมค้าง', 2, 63, '2714', 1),
(74, '2013-08-12 00:00:00', 'พรินเตอร์', 'พิมพ์ไม่ได้งาน', 2, 42, '2708', 1),
(75, '2013-09-05 00:00:00', 'คอมพิวเตอร์', 'ลง windows ใหม่ และแชร์ printer', 3, 23, '2702', 1),
(76, '2013-09-04 00:00:00', 'คอมพิวเตอร์', 'ลงโแรแกรม Notebook', 3, 50, '2717', 1),
(77, '2013-09-02 00:00:00', 'พรินเตอร์', 'printer พิมพ์ไม่ได้', 2, 63, '2714', 1),
(78, '2013-09-23 00:00:00', 'พรินเตอร์', 'เครื่อง printer กระดาษติด', 2, 50, '2717', 1),
(79, '2013-11-14 00:00:00', 'อินเตอร์เน็ต-เน็ตเวิร์ก', 'บล๊อดเครื่องที่เคาร์เตอร์โรงพยาบาล ไม่ให่เล่นเน็ตได้', 3, 10, '2717', 1),
(80, '2013-10-25 00:00:00', 'คอมพิวเตอร์', 'คอม TTM5/1 ช้า', 3, 16, '2717', 1),
(81, '2013-11-19 00:00:00', 'คอมพิวเตอร์', 'ลงโปรแกรม SPSS ให้นักศึกษาจำนวน 3 ราย', 3, 62, '2717', 1),
(82, '2013-11-22 00:00:00', 'คอมพิวเตอร์', 'ลงโปรแกรม SPSS ให้นักศึกษาจำนวน 2 ราย', 3, 62, '2717', 1),
(83, '2013-12-13 00:00:00', 'คอมพิวเตอร์', 'ลงโปรแกรม SPSS ให้นักศึกษาจำนวน 5 ราย', 3, 62, '2717', 1),
(84, '2013-12-16 00:00:00', 'คอมพิวเตอร์', 'ลงโปรแกรม SPSS ให้นักศึกษาจำนวน 3 ราย', 3, 62, '2717', 1),
(85, '2014-01-21 00:00:00', 'คอมพิวเตอร์', 'ลงโปรแกรม SPSS ให้นักศึกษาจำนวน 6 ราย', 3, 62, '2717', 1),
(86, '2013-01-24 00:00:00', 'คอมพิวเตอร์', 'ลงโปรแกรม SPSS ให้นักศึกษาจำนวน 1 ราย', 3, 62, '2717', 1),
(87, '2014-01-15 00:00:00', 'คอมพิวเตอร์', 'ลงโปรแกรม SPSS ให้นักศึกษาจำนวน 2 ราย', 3, 62, '2717', 1),
(88, '2013-12-23 00:00:00', 'คอมพิวเตอร์', 'ดำเนินการเรียบร้อย', 3, 62, '2717', 1),
(89, '2013-12-23 00:00:00', 'คอมพิวเตอร์', 'ลงโปรแกรม spss ใหนักศึกษาจำนวน 2 ราย', 3, 62, '2717', 1),
(90, '2014-01-24 00:00:00', 'คอมพิวเตอร์', 'เปลี่ยนจอคอมพิวเตอร์ห้อง E105', 1, 26, '2716', 1),
(91, '2014-03-03 00:00:00', 'คอมพิวเตอร์', 'ลงเครื่องใหม่', 3, 14, '2717', 1),
(92, '2014-02-25 00:00:00', 'คอมพิวเตอร์', 'ลงเครื่องใหม่', 3, 13, '2717', 1),
(93, '2014-05-20 00:00:00', 'คอมพิวเตอร์', 'ลงวิรโดร์', 3, 63, '2714', 1),
(94, '2014-06-10 00:00:00', 'อื่นๆ', 'ลงวินโดร์โน๊ตบุต', 3, 71, 'ฟุ้งธ', 1),
(95, '2014-06-10 00:00:00', 'อินเตอร์เน็ต-เน็ตเวิร์ก', 'ติดตั้งไวไฟ', 2, 7, '2707', 1),
(96, '2014-06-11 00:00:00', 'คอมพิวเตอร์', 'ลง windows notebook', 2, 13, '2717', 1),
(97, '2014-07-30 00:00:00', 'คอมพิวเตอร์', 'โปรแกรม pendiag', 2, 1, '2700', 1),
(98, '2014-08-06 00:00:00', 'คอมพิวเตอร์', 'share printer', 3, 14, '2717', 1),
(99, '2014-08-05 00:00:00', 'คอมพิวเตอร์', 'notebook มีปัญหาเรื่อง login', 3, 62, '2717', 1),
(100, '2014-08-26 00:00:00', 'ไวรัส', 'กำจัดไวรัส flashdrive', 3, 40, '', 1),
(101, '2014-08-27 00:00:00', 'อินเตอร์เน็ต-เน็ตเวิร์ก', 'อินเตอร์เน็ตช้า', 2, 8, '2707', 1),
(102, '2014-09-01 00:00:00', 'อินเตอร์เน็ต-เน็ตเวิร์ก', 'อินเตอร์เน็ตห้องพักอาจารย์ช้า', 2, 7, '2707', 1),
(103, '2014-09-15 00:00:00', 'คอมพิวเตอร์', 'ล้างโน๊ตบุค', 3, 25, '2702', 1),
(104, '2014-09-15 00:00:00', 'อื่นๆ', 'ติดตั้ง vpn', 2, 24, '2702', 1),
(105, '2014-09-25 00:00:00', 'คอมพิวเตอร์', 'ถ่าน cmos หมด', 2, 1, '2700', 1),
(106, '2014-09-26 00:00:00', 'พรินเตอร์', 'ติดตั้ง printer ใหม่ ห้องพักอาจารย์', 3, 7, '2707', 1),
(107, '2014-10-03 00:00:00', 'คอมพิวเตอร์', 'จอคอมห้องเรียน E105 เสีย', 2, 7, '2707', 1),
(108, '2014-10-07 00:00:00', 'อินเตอร์เน็ต-เน็ตเวิร์ก', 'ซ่อม wifi ห้องพักอาจารย์ อาคารศูนย์กีฬา ', 3, 26, '2716', 1),
(109, '2014-11-05 00:00:00', 'คอมพิวเตอร์', 'คอมห้อง TTM04 HDD เสีย  ', 3, 7, '2707', 1),
(110, '2014-11-03 00:00:00', 'พรินเตอร์', 'ครื่องพิมพ์ส่วนกลางในห้องพักอาจารย์\r\nเกิดปัญหาตลับหมึกรั่วทำให้เวลาพิมพ์\r\nกระดาษจะเปื้อนหมึกเป็นสีดำหมดทั้งหน้าและทำให้ตัวเครื่องสกปรกอย่างมาก', 2, 44, '2708', 1),
(111, '2014-11-19 00:00:00', 'พรินเตอร์', 'เครื่องพิมพ์ สั่งพิพม์แล้วนิ่ง', 3, 14, '2717', 1),
(112, '2014-11-25 00:00:00', 'คอมพิวเตอร์', 'คอมห้อง E105 จอเสีย', 1, 28, '2707', 1),
(113, '2014-11-26 00:00:00', 'คอมพิวเตอร์', 'คอมติดไวรัส', 3, 15, '2717', 1),
(114, '2014-12-01 00:00:00', 'คอมพิวเตอร์', 'จอเปิดไม่ติด', 3, 76, '6204', 1),
(115, '2014-12-08 00:00:00', 'คอมพิวเตอร์', 'ล้างเครื่องใหม่', 3, 25, '2702', 1),
(116, '2014-12-19 00:00:00', 'คอมพิวเตอร์', 'ลง windows ใหม่ รองรับ ie9', 3, 42, '2708', 1),
(117, '2014-12-23 00:00:00', 'คอมพิวเตอร์', 'คอมพิวเตอร์ พอเล่นอินเตอร์เน็ต เครื่องดับ', 2, 76, '6204', 1),
(118, '2015-01-07 00:00:00', 'คอมพิวเตอร์', 'วันที่ไม่ตรง ต้องเปลี่ยนวันที่ทุกครั้งปิดเครื่อง', 2, 1, '2700', 1),
(119, '2015-01-08 00:00:00', 'อื่นๆ', 'โปรแกรม Tell Me more จำนวน 2 ราย', 3, 2, '2708', 1),
(120, '2015-01-09 00:00:00', 'คอมพิวเตอร์', 'ลง windows ใหม่', 2, 43, '2707', 1),
(121, '2015-01-29 00:00:00', 'คอมพิวเตอร์', 'ใช้อินเตอร์เน็ตไม่ได้ เครื่องได้รับ ip:192.168.137.138 gateway:192.168.137.1', 1, 25, '2702', 1),
(122, '2015-01-29 00:00:00', 'คอมพิวเตอร์', 'ซ่อมโน๊ตบุค', 3, 40, '', 1),
(123, '2015-02-03 00:00:00', 'อินเตอร์เน็ต-เน็ตเวิร์ก', 'ห้องพักอาจารย์ใช้เน็ตไม่ได้ เนื่องจาก ip เต็ม', 1, 7, '2707', 1),
(124, '2015-02-04 00:00:00', 'คอมพิวเตอร์', 'ลง windows ใหม่', 2, 76, '6204', 1),
(125, '2015-02-17 00:00:00', 'คอมพิวเตอร์', 'ติดตั้งโปรแกรม vlc และ Tell Me More', 3, 14, '2717', 1),
(126, '2015-03-10 00:00:00', 'พรินเตอร์', 'ห้อง TTM05 หมึกรั่ว', 3, 44, '2708', 1),
(127, '2015-03-13 00:00:00', 'คอมพิวเตอร์', 'ล้างเครื่องคอมโรงพยาบาล', 3, 73, '2722', 1),
(128, '2015-03-12 00:00:00', 'พรินเตอร์', 'printer สำนักงานใช้ไม่ได้', 2, 25, '2702', 1),
(129, '2015-03-20 00:00:00', 'คอมพิวเตอร์', 'คอมช้าอึด', 3, 73, '2722', 1),
(130, '2015-03-13 00:00:00', 'อื่นๆ', 'สำรองไฟให้กับอุปกรณ์เครือข่ายคอมพิวเตอร์และเครื่องแม่ข่ายคอมพิวเตอร์ภายในห้องควบคุมเครือข่ายคอมพิวเตอร์อาคารคาเฟต คณะการแพทย์แผนไทย เกิดอาการชำรุดเนื่องจากแบตเตอรี่ภายในเครื่องสำรองไฟฟ้าเสื่อมสภาพตามอายุการใช้งาน', 1, 26, '2716', 1),
(131, '2015-03-23 00:00:00', 'อื่นๆ', 'โทรศัพท์ 2701 ไม่มีสัญญาณ', 2, 29, '2701', 1),
(132, '2015-03-23 00:00:00', 'อินเตอร์เน็ต-เน็ตเวิร์ก', 'สาย Fiber Optic ขาด ณ บริเวณห้องเครือข่าย SPX ไปยังห้องเครือข่าย DP04 อาคารศูนย์กีฬา', 1, 44, '2708', 1),
(133, '2015-03-23 00:00:00', 'อินเตอร์เน็ต-เน็ตเวิร์ก', 'สาย Fiber Optic ขาด ณ บริเวณห้องเครือข่าย SPX ไปยังห้องเครือข่าย DP04 อาคารศูนย์กีฬา ตั้งแต่วันที่ 23 มี.ค.58', 2, 26, '2716', 1),
(134, '2015-04-24 00:00:00', 'อินเตอร์เน็ต-เน็ตเวิร์ก', 'ติดตั้ง AP ห้องพักอาจารย์', 3, 26, '2716', 1),
(135, '2015-04-28 00:00:00', 'คอมพิวเตอร์', 'ล้างขยะในเครื่อง', 3, 29, '2701', 1),
(136, '2015-04-28 00:00:00', 'คอมพิวเตอร์', 'เปิดไม่ติด', 2, 76, '6204', 1),
(137, '2015-06-17 00:00:00', 'อินเตอร์เน็ต-เน็ตเวิร์ก', 'ติดตั้ง wifi โรงพยาลการแพทย์แผนไทย', 3, 63, '2714', 1),
(138, '2015-06-18 00:00:00', 'ไวรัส', 'Computer notebook  เปิดเข้าหน้าเวบ Tell Me More ไม่ได้ ', 3, 7, '2722', 1),
(139, '2015-06-18 00:00:00', 'คอมพิวเตอร์', 'ถ่าน cmos หมดแบต', 3, 21, '2701', 1),
(140, '2015-07-01 00:00:00', 'คอมพิวเตอร์', 'ถ่าน cmos หมดแบต', 3, 29, '2701', 1),
(141, '2015-07-01 00:00:00', 'คอมพิวเตอร์', 'ถ่าน cmos หมดแบต', 3, 24, '2702', 1),
(142, '2015-09-21 00:00:00', 'คอมพิวเตอร์', 'ลง windows และ โปรแกรม', 3, 13, '2717', 1),
(143, '2015-09-22 00:00:00', 'พรินเตอร์', 'แชร์ printer ใหม่', 3, 8, '2707', 1),
(144, '2015-10-05 00:00:00', 'คอมพิวเตอร์', 'ติดตั้ง vpn ให้ นศ.ป.โท', 3, 26, '2716', 1),
(145, '2015-10-05 00:00:00', 'คอมพิวเตอร์', 'ลง windows ใหม่', 3, 34, '2712', 1),
(146, '2015-10-06 00:00:00', 'คอมพิวเตอร์', 'ลง windows 7', 3, 24, '2702', 1),
(147, '2015-09-29 00:00:00', 'คอมพิวเตอร์', 'ติดตั้งคอมให้ใหม่', 3, 13, '2717', 1),
(148, '2015-10-28 00:00:00', 'ไวรัส', 'ติดไวรัส', 3, 8, '2722', 1),
(149, '2015-10-28 00:00:00', 'คอมพิวเตอร์', 'ติดไวรัส', 3, 29, '2701', 1),
(150, '2015-10-29 00:00:00', 'ไวรัส', '1. คอมพิวเตอร์ส่วนกลางห้อง TTM 05 ติดไวรัส (เครื่องเก่า)\n2. โน๊ตบุ๊ค HP ติดไวรัส (เครื่องส่วนตัว)', 3, 8, '2722', 1),
(151, '2015-10-26 00:00:00', 'คอมพิวเตอร์', 'คอมติดไวรัส', 3, 10, '2717', 1),
(152, '2015-10-26 00:00:00', 'คอมพิวเตอร์', 'ห้อง E105 ปลั๊กล่วม', 3, 76, '6204', 1),
(153, '2015-11-02 00:00:00', 'คอมพิวเตอร์', 'ตรวจสอบไวรัส', 3, 12, '2722', 1),
(154, '2015-11-06 00:00:00', 'อื่นๆ', 'ลง windows ใหม่', 3, 43, '2707', 1),
(155, '2015-11-06 00:00:00', 'พรินเตอร์', 'print ไม่ออก', 3, 73, '2722', 1),
(156, '2015-11-11 00:00:00', 'คอมพิวเตอร์', 'ลง SPSS ใหม่และให้เป็น version เดียวกับห้อง TTM02 เพื่อใช้ในการเรียนการสอน รายวิชาระเบียบวิธีวิใน ใน notebook ยี่ห้อ dell บนโต๊ะทำงาน', 3, 8, '2722', 1),
(157, '2015-11-12 00:00:00', 'พรินเตอร์', 'printer ใน รพ. พิมพ์ไม่ได้', 2, 63, '2714', 1),
(158, '2015-12-01 00:00:00', 'คอมพิวเตอร์', 'เข้า windows ไม่ได้', 3, 29, '2701', 1),
(159, '2016-01-11 00:00:00', 'อินเตอร์เน็ต-เน็ตเวิร์ก', 'อินเตอร์เน็ตใช้งานไม่ได้', 2, 26, '2722', 1),
(160, '2016-01-18 00:00:00', 'อื่นๆ', 'แก้ไข tell me more 3 คน', 3, 26, '2716', 1),
(161, '2016-01-20 00:00:00', 'คอมพิวเตอร์', 'ลง windows ใหม่', 3, 29, '2701', 1),
(162, '2016-02-03 00:00:00', 'อื่นๆ', 'สายโทรศัพท์ขาด', 3, 21, '2701', 1),
(163, '2016-03-16 00:00:00', 'ไวรัส', 'ติดไวรัส locky', 3, 76, '6204', 1),
(164, '2016-03-21 00:00:00', 'คอมพิวเตอร์', 'ติดดั้งโปรแกรม spss 4 ราย', 3, 26, '2716', 1),
(165, '2016-03-28 00:00:00', 'คอมพิวเตอร์', 'เมาส์เสีย', 3, 24, '2702', 1),
(166, '2016-03-28 00:00:00', 'คอมพิวเตอร์', 'ติดไวรัส locky', 3, 63, '2714', 1),
(167, '2016-03-29 00:00:00', 'คอมพิวเตอร์', 'โปรแกรม word ใส่เลขหน้าไม่ได้', 3, 24, '2702', 1),
(168, '2016-04-27 00:00:00', 'คอมพิวเตอร์', 'คอมถ่านหมด', 3, 43, '2707', 1),
(169, '2016-04-28 00:00:00', 'คอมพิวเตอร์', 'ข้อมูลไดรฟ C เต็ม', 3, 24, '2702', 1),
(170, '2016-04-19 00:00:00', 'คอมพิวเตอร์', 'อาการเมาส์ไม่นิ่ง', 3, 21, '2701', 1),
(171, '2016-05-30 00:00:00', 'อื่นๆ', 'เครื่องสำรองไฟไม่ทำงาน', 3, 29, '2701', 1),
(172, '2016-05-30 00:00:00', 'อื่นๆ', 'เครื่อง fax โทรออกไม่ได้', 3, 63, '2714', 1),
(173, '2016-06-03 00:00:00', 'คอมพิวเตอร์', 'ใช้งาน Tell Me More ไม่ได้', 3, 67, '2722', 1),
(174, '2016-06-08 00:00:00', 'คอมพิวเตอร์', 'ie เปฺิดใช้งานไม่ได้', 3, 69, '2704', 1),
(175, '2016-06-09 00:00:00', 'คอมพิวเตอร์', 'คอมพิวเตอร์ไม่เห็น printer', 2, 42, '2708', 1),
(176, '2016-06-29 00:00:00', 'คอมพิวเตอร์', 'เวลาเปิดเครื่อง ขึ้นหน้าเจอ check disk เสมอ', 2, 29, '2701', 1),
(177, '2016-07-04 00:00:00', 'คอมพิวเตอร์', 'keyboard เสีย', 3, 63, '2714', 1),
(178, '2016-07-26 00:00:00', 'อื่นๆ', 'เบอร์ 2710 โรงพยาบาลการแพทย์แผนไทย ไม่ค่อยได้ยินเสียงสนทนา มีเสียงแทรก', 3, 63, '2714', 1),
(179, '2016-07-27 00:00:00', 'คอมพิวเตอร์', 'ถ่าน CMOS เสื่อม', 3, 21, '2701', 1),
(180, '2016-07-28 00:00:00', 'อื่นๆ', 'ติดตั้งโปรแกรม SPSS และ VPN', 3, 26, '2716', 1),
(181, '2016-08-02 00:00:00', 'คอมพิวเตอร์', 'อาการ -bootmgr image is corrupted windows\r\n', 2, 21, '2701', 1),
(182, '2016-08-02 00:00:00', 'คอมพิวเตอร์', 'คอมพิวเตอร์มีควันขึ้น ใช้ง่านไม่ได้', 3, 73, '2722', 1),
(183, '2016-08-04 00:00:00', 'อื่นๆ', 'ลงโปรแกรม VPN นักศึกษา ป.โท 2', 3, 26, '2716', 1),
(184, '2016-08-05 00:00:00', 'คอมพิวเตอร์', 'ลงโปรแกรม VPN นศ.โท 1 ราย', 3, 26, '2716', 1),
(185, '2016-08-08 00:00:00', 'คอมพิวเตอร์', 'มีอาการอ่าน-เขียน ไดรฟ์ D: ไม่ได้ คาดว่า Hard disk เริ่มเสีย ', 2, 29, '2701', 1),
(186, '2016-08-30 00:00:00', 'อื่นๆ', 'ติดตั้งโปรแกรม SPSS 3 ราย', 3, 26, '2716', 1),
(187, '2016-08-31 00:00:00', 'อื่นๆ', 'ติดตั้งโปรแกรม VPN 1 ราย', 3, 26, '2716', 1),
(188, '2016-09-06 00:00:00', 'คอมพิวเตอร์', 'เครื่องคอม แฮงค์บ่อยไม่สามารถ print ได้', 3, 74, '2710', 1),
(189, '2016-09-27 00:00:00', 'อื่นๆ', 'ติดตั้งโปรแกรม SPSS 3 ราย', 3, 26, '2716', 1),
(190, '2016-09-27 00:00:00', 'คอมพิวเตอร์', 'ติดตั้ง windows ใหม่', 2, 29, '2701', 1),
(191, '2016-10-03 00:00:00', 'อื่นๆ', 'คอมใช้งาน Tell Me More ไม่ได้ (win 10)', 3, 26, '2716', 1),
(192, '2016-10-04 00:00:00', 'ไวรัส', 'คอมติดไวรัส', 2, 25, '2702', 1),
(193, '2016-10-21 00:00:00', 'อื่นๆ', 'แก้ไขปัญหา Tell Me More จำนวน 5 ราย', 3, 26, '2716', 1),
(194, '2016-11-03 00:00:00', 'คอมพิวเตอร์', 'แก้ปัญหา Tell Me More', 3, 26, '2716', 1),
(195, '2016-11-09 00:00:00', 'คอมพิวเตอร์', 'ติดตั้งโปรแกรม SPSS จำนวน 2 ราย', 3, 26, '2716', 1),
(196, '2016-11-09 00:00:00', 'คอมพิวเตอร์', 'คอมนักศึกษาเข้า windows ไม่ได้', 3, 26, '2716', 1),
(197, '2016-11-08 00:00:00', 'คอมพิวเตอร์', 'คอมช้าและลงโปรแกรม SPSS', 3, 11, '2717', 1),
(198, '2016-12-21 00:00:00', 'คอมพิวเตอร์', 'ติดตั้งโปรแกรม spss และ ms office', 3, 43, '2707', 1),
(199, '2016-12-28 00:00:00', 'อื่นๆ', 'โทรศัพท์ เบอร์ 2701 เครื่องของรัตนาวิไล เเละ สุจิตรา ไม่มีสัญญาณคะ', 2, 29, '08039', 1),
(200, '2017-01-24 00:00:00', 'คอมพิวเตอร์', 'เครื่องคอมเปิดไม่ติด', 3, 73, '2722', 1),
(201, '2017-01-24 00:00:00', 'อื่นๆ', 'โปรแกรม EndNote ใช้งานไม่ได้', 3, 26, '2716', 1),
(202, '2017-01-18 00:00:00', 'อื่นๆ', 'ไมค์ห้อง TTM04 ดังติดขัด', 3, 10, '2717', 1),
(203, '2017-02-01 00:00:00', 'อื่นๆ', 'ลง SPSS จำนวน 2 ราย', 3, 26, '2716', 1),
(204, '2017-02-02 00:00:00', 'คอมพิวเตอร์', 'ลงวินโดรน์ + ออฟฟิต ใหม่', 3, 26, '2716', 1),
(205, '2017-02-02 00:00:00', 'อินเตอร์เน็ต-เน็ตเวิร์ก', 'ลงทะเบียน WiFi ห้องพักอาจารย์', 2, 26, '2716', 1),
(206, '2017-02-01 00:00:00', 'อื่นๆ', 'แก้ปัญหา TMM เล่นไม่ได้', 3, 26, '2716', 1),
(207, '2017-02-07 00:00:00', 'อื่นๆ', 'โทรศัพท์ เบอร์ 2701 ไม่มีสัญญาณ', 2, 29, '2702', 1),
(208, '2017-02-09 00:00:00', 'คอมพิวเตอร์', 'ลง windows ใหม่', 3, 7, '2707', 1),
(209, '2017-02-08 00:00:00', 'คอมพิวเตอร์', 'windows ติด WGA', 3, 10, '2717', 1),
(210, '2017-03-03 00:00:00', 'คอมพิวเตอร์', 'หลังจากลง Windows ใหม่ และมีการ Up date windows Word ทำงานผิดปกติบ่อยมาก (Not responding) ทำงานยากมาก ', 1, 7, '2722', 1),
(211, '2017-03-06 00:00:00', 'คอมพิวเตอร์', 'office ติด key', 2, 12, '2717', 1),
(212, '2017-07-14 10:19:45', 'คอมพิวเตอร์', 'testet', 3, 0, '2176', 0),
(213, '2017-07-14 11:28:07', 'อินเตอร์เน็ต-เน็ตเวิร์ก', 'demo network', 2, 0, '2707', 0);

-- --------------------------------------------------------

--
-- โครงสร้างตาราง `user`
--

CREATE TABLE IF NOT EXISTS `user` (
  `id` int(10) NOT NULL AUTO_INCREMENT,
  `username` varchar(100) NOT NULL,
  `password` varchar(100) NOT NULL,
  `name` varchar(100) NOT NULL,
  `level_id` int(1) NOT NULL,
  `status` int(1) NOT NULL,
  PRIMARY KEY (`id`)
) ENGINE=InnoDB  DEFAULT CHARSET=utf8 AUTO_INCREMENT=2 ;

--
-- dump ตาราง `user`
--

INSERT INTO `user` (`id`, `username`, `password`, `name`, `level_id`, `status`) VALUES
(1, 'admin', 'e10adc3949ba59abbe56e057f20f883e', 'ADMIN', 1, 1);

/*!40101 SET CHARACTER_SET_CLIENT=@OLD_CHARACTER_SET_CLIENT */;
/*!40101 SET CHARACTER_SET_RESULTS=@OLD_CHARACTER_SET_RESULTS */;
/*!40101 SET COLLATION_CONNECTION=@OLD_COLLATION_CONNECTION */;
